{
  "accuracy": 0.44776119402985076,
  "precision_macro": 0.41157975926319945,
  "recall_macro": 0.44657252503421996,
  "f1_macro": 0.39554834246692677,
  "precision_weighted": 0.41135192709105267,
  "recall_weighted": 0.44776119402985076,
  "f1_weighted": 0.3954999664356799,
  "test_size": 871,
  "labels": [
    "data_class",
    "feature_envy",
    "god_class",
    "long_method"
  ],
  "classification_report": {
    "data_class": {
      "precision": 0.45,
      "recall": 0.5467289719626168,
      "f1-score": 0.4936708860759494,
      "support": 214.0
    },
    "feature_envy": {
      "precision": 0.3,
      "recall": 0.06787330316742081,
      "f1-score": 0.11070110701107011,
      "support": 221.0
    },
    "god_class": {
      "precision": 0.41916167664670656,
      "recall": 0.3286384976525822,
      "f1-score": 0.3684210526315789,
      "support": 213.0
    },
    "long_method": {
      "precision": 0.47715736040609136,
      "recall": 0.8430493273542601,
      "f1-score": 0.6094003241491086,
      "support": 223.0
    },
    "accuracy": 0.44776119402985076,
    "macro avg": {
      "precision": 0.41157975926319945,
      "recall": 0.44657252503421996,
      "f1-score": 0.39554834246692677,
      "support": 871.0
    },
    "weighted avg": {
      "precision": 0.41135192709105267,
      "recall": 0.44776119402985076,
      "f1-score": 0.3954999664356799,
      "support": 871.0
    }
  },
  "confusion_matrix": [
    [
      117,
      0,
      97,
      0
    ],
    [
      0,
      15,
      0,
      206
    ],
    [
      143,
      0,
      70,
      0
    ],
    [
      0,
      35,
      0,
      188
    ]
  ]
}