{
  "accuracy": 0.46039035591274396,
  "precision_macro": 0.45958411524235027,
  "recall_macro": 0.4610121930947779,
  "f1_macro": 0.45136276919946056,
  "precision_weighted": 0.4591852671529056,
  "recall_weighted": 0.46039035591274396,
  "f1_weighted": 0.45102290391833383,
  "test_size": 871,
  "labels": [
    "data_class",
    "feature_envy",
    "god_class",
    "long_method"
  ],
  "classification_report": {
    "data_class": {
      "precision": 0.47368421052631576,
      "recall": 0.29439252336448596,
      "f1-score": 0.3631123919308357,
      "support": 214.0
    },
    "feature_envy": {
      "precision": 0.43577981651376146,
      "recall": 0.4298642533936652,
      "f1-score": 0.4328018223234624,
      "support": 221.0
    },
    "god_class": {
      "precision": 0.48639455782312924,
      "recall": 0.6713615023474179,
      "f1-score": 0.5641025641025641,
      "support": 213.0
    },
    "long_method": {
      "precision": 0.4424778761061947,
      "recall": 0.4484304932735426,
      "f1-score": 0.44543429844098,
      "support": 223.0
    },
    "accuracy": 0.46039035591274396,
    "macro avg": {
      "precision": 0.45958411524235027,
      "recall": 0.4610121930947779,
      "f1-score": 0.45136276919946056,
      "support": 871.0
    },
    "weighted avg": {
      "precision": 0.4591852671529056,
      "recall": 0.46039035591274396,
      "f1-score": 0.45102290391833383,
      "support": 871.0
    }
  },
  "confusion_matrix": [
    [
      63,
      0,
      151,
      0
    ],
    [
      0,
      95,
      0,
      126
    ],
    [
      70,
      0,
      143,
      0
    ],
    [
      0,
      123,
      0,
      100
    ]
  ]
}