{
  "accuracy": 0.4925373134328358,
  "precision_macro": 0.5126259645441231,
  "recall_macro": 0.49245566732547824,
  "f1_macro": 0.44160182625019334,
  "precision_weighted": 0.5135193647424936,
  "recall_weighted": 0.4925373134328358,
  "f1_weighted": 0.4411155677711885,
  "unknown_predictions": 58,
  "test_size": 871,
  "labels": [
    "data_class",
    "feature_envy",
    "god_class",
    "long_method"
  ],
  "classification_report": {
    "data_class": {
      "precision": 0.4782608695652174,
      "recall": 0.616822429906542,
      "f1-score": 0.5387755102040817,
      "support": 214.0
    },
    "feature_envy": {
      "precision": 0.49516908212560384,
      "recall": 0.9276018099547512,
      "f1-score": 0.6456692913385826,
      "support": 221.0
    },
    "god_class": {
      "precision": 0.46923076923076923,
      "recall": 0.2863849765258216,
      "f1-score": 0.3556851311953353,
      "support": 213.0
    },
    "long_method": {
      "precision": 0.6078431372549019,
      "recall": 0.13901345291479822,
      "f1-score": 0.22627737226277372,
      "support": 223.0
    },
    "accuracy": 0.4925373134328358,
    "macro avg": {
      "precision": 0.5126259645441231,
      "recall": 0.49245566732547824,
      "f1-score": 0.44160182625019334,
      "support": 871.0
    },
    "weighted avg": {
      "precision": 0.5135193647424936,
      "recall": 0.4925373134328358,
      "f1-score": 0.4411155677711885,
      "support": 871.0
    }
  },
  "confusion_matrix": [
    [
      132,
      8,
      69,
      5
    ],
    [
      1,
      205,
      0,
      15
    ],
    [
      142,
      10,
      61,
      0
    ],
    [
      1,
      191,
      0,
      31
    ]
  ]
}