{
  "accuracy": 0.49942594718714123,
  "precision_macro": 0.5049621191463418,
  "recall_macro": 0.4981409977811134,
  "f1_macro": 0.4274071516718575,
  "precision_weighted": 0.505160033338065,
  "recall_weighted": 0.49942594718714123,
  "f1_weighted": 0.42700495965168084,
  "test_size": 871,
  "labels": [
    "data_class",
    "feature_envy",
    "god_class",
    "long_method"
  ],
  "classification_report": {
    "data_class": {
      "precision": 0.49624060150375937,
      "recall": 0.616822429906542,
      "f1-score": 0.55,
      "support": 214.0
    },
    "feature_envy": {
      "precision": 0.5294117647058824,
      "recall": 0.04072398190045249,
      "f1-score": 0.07563025210084033,
      "support": 221.0
    },
    "god_class": {
      "precision": 0.4906832298136646,
      "recall": 0.37089201877934275,
      "f1-score": 0.42245989304812837,
      "support": 213.0
    },
    "long_method": {
      "precision": 0.5035128805620609,
      "recall": 0.9641255605381166,
      "f1-score": 0.6615384615384615,
      "support": 223.0
    },
    "accuracy": 0.49942594718714123,
    "macro avg": {
      "precision": 0.5049621191463418,
      "recall": 0.4981409977811134,
      "f1-score": 0.4274071516718575,
      "support": 871.0
    },
    "weighted avg": {
      "precision": 0.505160033338065,
      "recall": 0.49942594718714123,
      "f1-score": 0.42700495965168084,
      "support": 871.0
    }
  },
  "confusion_matrix": [
    [
      132,
      0,
      82,
      0
    ],
    [
      0,
      9,
      0,
      212
    ],
    [
      134,
      0,
      79,
      0
    ],
    [
      0,
      8,
      0,
      215
    ]
  ]
}