{
  "accuracy": 0.41561423650975887,
  "precision_macro": 0.41926751352725183,
  "recall_macro": 0.4144578232326308,
  "f1_macro": 0.3661369964447655,
  "precision_weighted": 0.4168670959368788,
  "recall_weighted": 0.41561423650975887,
  "f1_weighted": 0.3658427847862126,
  "test_size": 871,
  "labels": [
    "data_class",
    "feature_envy",
    "god_class",
    "long_method"
  ],
  "classification_report": {
    "data_class": {
      "precision": 0.5288461538461539,
      "recall": 0.514018691588785,
      "f1-score": 0.5213270142180095,
      "support": 214.0
    },
    "feature_envy": {
      "precision": 0.42637362637362636,
      "recall": 0.8778280542986425,
      "f1-score": 0.5739644970414202,
      "support": 221.0
    },
    "god_class": {
      "precision": 0.5283018867924528,
      "recall": 0.13145539906103287,
      "f1-score": 0.21052631578947367,
      "support": 213.0
    },
    "long_method": {
      "precision": 0.1935483870967742,
      "recall": 0.13452914798206278,
      "f1-score": 0.15873015873015872,
      "support": 223.0
    },
    "accuracy": 0.41561423650975887,
    "macro avg": {
      "precision": 0.41926751352725183,
      "recall": 0.4144578232326308,
      "f1-score": 0.3661369964447655,
      "support": 871.0
    },
    "weighted avg": {
      "precision": 0.4168670959368788,
      "recall": 0.41561423650975887,
      "f1-score": 0.3658427847862126,
      "support": 871.0
    }
  },
  "confusion_matrix": [
    [
      110,
      30,
      25,
      49
    ],
    [
      0,
      194,
      0,
      27
    ],
    [
      98,
      38,
      28,
      49
    ],
    [
      0,
      193,
      0,
      30
    ]
  ]
}