{
  "accuracy": 0.4925373134328358,
  "precision_macro": 0.4441304072309857,
  "recall_macro": 0.4909703099980819,
  "f1_macro": 0.36413690474323224,
  "precision_weighted": 0.44400741209290834,
  "recall_weighted": 0.4925373134328358,
  "f1_weighted": 0.36484979298154224,
  "test_size": 871,
  "labels": [
    "data_class",
    "feature_envy",
    "god_class",
    "long_method"
  ],
  "classification_report": {
    "data_class": {
      "precision": 0.49746192893401014,
      "recall": 0.9158878504672897,
      "f1-score": 0.6447368421052632,
      "support": 214.0
    },
    "feature_envy": {
      "precision": 0.35714285714285715,
      "recall": 0.02262443438914027,
      "f1-score": 0.0425531914893617,
      "support": 221.0
    },
    "god_class": {
      "precision": 0.42424242424242425,
      "recall": 0.06572769953051644,
      "f1-score": 0.11382113821138211,
      "support": 213.0
    },
    "long_method": {
      "precision": 0.49767441860465117,
      "recall": 0.9596412556053812,
      "f1-score": 0.655436447166922,
      "support": 223.0
    },
    "accuracy": 0.4925373134328358,
    "macro avg": {
      "precision": 0.4441304072309857,
      "recall": 0.4909703099980819,
      "f1-score": 0.36413690474323224,
      "support": 871.0
    },
    "weighted avg": {
      "precision": 0.44400741209290834,
      "recall": 0.4925373134328358,
      "f1-score": 0.36484979298154224,
      "support": 871.0
    }
  },
  "confusion_matrix": [
    [
      196,
      0,
      18,
      0
    ],
    [
      0,
      5,
      1,
      215
    ],
    [
      198,
      0,
      14,
      1
    ],
    [
      0,
      9,
      0,
      214
    ]
  ]
}