{
  "accuracy": 0.43398392652123996,
  "precision_macro": 0.4160328616644945,
  "recall_macro": 0.433271274371802,
  "f1_macro": 0.3959068844768129,
  "precision_weighted": 0.41593841086306144,
  "recall_weighted": 0.43398392652123996,
  "f1_weighted": 0.39576813211296075,
  "test_size": 871,
  "labels": [
    "data_class",
    "feature_envy",
    "god_class",
    "long_method"
  ],
  "classification_report": {
    "data_class": {
      "precision": 0.49444444444444446,
      "recall": 0.4158878504672897,
      "f1-score": 0.4517766497461929,
      "support": 214.0
    },
    "feature_envy": {
      "precision": 0.3333333333333333,
      "recall": 0.09049773755656108,
      "f1-score": 0.1423487544483986,
      "support": 221.0
    },
    "god_class": {
      "precision": 0.3702290076335878,
      "recall": 0.45539906103286387,
      "f1-score": 0.40842105263157896,
      "support": 213.0
    },
    "long_method": {
      "precision": 0.46612466124661245,
      "recall": 0.7713004484304933,
      "f1-score": 0.581081081081081,
      "support": 223.0
    },
    "accuracy": 0.43398392652123996,
    "macro avg": {
      "precision": 0.4160328616644945,
      "recall": 0.433271274371802,
      "f1-score": 0.3959068844768129,
      "support": 871.0
    },
    "weighted avg": {
      "precision": 0.41593841086306144,
      "recall": 0.43398392652123996,
      "f1-score": 0.39576813211296075,
      "support": 871.0
    }
  },
  "confusion_matrix": [
    [
      89,
      7,
      104,
      14
    ],
    [
      0,
      20,
      33,
      168
    ],
    [
      91,
      10,
      97,
      15
    ],
    [
      0,
      23,
      28,
      172
    ]
  ]
}