{
  "accuracy": 0.47416762342135477,
  "precision_macro": 0.47721650820052763,
  "recall_macro": 0.4731008111988234,
  "f1_macro": 0.44886090279535357,
  "precision_weighted": 0.4766056993235328,
  "recall_weighted": 0.47416762342135477,
  "f1_weighted": 0.44949069010424586,
  "test_size": 871,
  "labels": [
    "data_class",
    "feature_envy",
    "god_class",
    "long_method"
  ],
  "classification_report": {
    "data_class": {
      "precision": 0.49504950495049505,
      "recall": 0.7009345794392523,
      "f1-score": 0.5802707930367504,
      "support": 214.0
    },
    "feature_envy": {
      "precision": 0.39473684210526316,
      "recall": 0.3393665158371041,
      "f1-score": 0.36496350364963503,
      "support": 221.0
    },
    "god_class": {
      "precision": 0.5308641975308642,
      "recall": 0.20187793427230047,
      "f1-score": 0.2925170068027211,
      "support": 213.0
    },
    "long_method": {
      "precision": 0.4882154882154882,
      "recall": 0.6502242152466368,
      "f1-score": 0.5576923076923077,
      "support": 223.0
    },
    "accuracy": 0.47416762342135477,
    "macro avg": {
      "precision": 0.47721650820052763,
      "recall": 0.4731008111988234,
      "f1-score": 0.44886090279535357,
      "support": 871.0
    },
    "weighted avg": {
      "precision": 0.4766056993235328,
      "recall": 0.47416762342135477,
      "f1-score": 0.44949069010424586,
      "support": 871.0
    }
  },
  "confusion_matrix": [
    [
      150,
      18,
      38,
      8
    ],
    [
      5,
      75,
      0,
      141
    ],
    [
      143,
      24,
      43,
      3
    ],
    [
      5,
      73,
      0,
      145
    ]
  ]
}