{
  "accuracy": 0.41561423650975887,
  "precision_macro": 0.2644696097639524,
  "recall_macro": 0.41443083537554704,
  "f1_macro": 0.2814854809611368,
  "precision_weighted": 0.26609062059124977,
  "recall_weighted": 0.41561423650975887,
  "f1_weighted": 0.2825074225473884,
  "unknown_predictions": 58,
  "test_size": 871,
  "labels": [
    "data_class",
    "feature_envy",
    "god_class",
    "long_method"
  ],
  "classification_report": {
    "data_class": {
      "precision": 0.4108352144469526,
      "recall": 0.8504672897196262,
      "f1-score": 0.5540334855403348,
      "support": 214.0
    },
    "feature_envy": {
      "precision": 0.2222222222222222,
      "recall": 0.00904977375565611,
      "f1-score": 0.017391304347826087,
      "support": 221.0
    },
    "god_class": {
      "precision": 0.0,
      "recall": 0.0,
      "f1-score": 0.0,
      "support": 213.0
    },
    "long_method": {
      "precision": 0.42482100238663484,
      "recall": 0.7982062780269058,
      "f1-score": 0.5545171339563862,
      "support": 223.0
    },
    "accuracy": 0.41561423650975887,
    "macro avg": {
      "precision": 0.2644696097639524,
      "recall": 0.41443083537554704,
      "f1-score": 0.2814854809611368,
      "support": 871.0
    },
    "weighted avg": {
      "precision": 0.26609062059124977,
      "recall": 0.41561423650975887,
      "f1-score": 0.2825074225473884,
      "support": 871.0
    }
  },
  "confusion_matrix": [
    [
      182,
      0,
      0,
      32
    ],
    [
      41,
      2,
      0,
      178
    ],
    [
      181,
      1,
      0,
      31
    ],
    [
      39,
      6,
      0,
      178
    ]
  ]
}